Måltid;Opskrift;Beskrivelse;Inspireret af;Hovedingredienser;Estimeret protein (g/portion);Estimeret fiber (g/portion);Estimeret kalorier (kcal/portion);Tid (min);Fremgangsmåde;Tip
Morgenmad;Lune havreklapper med skyr og bær;Luftige pandekager med havregryn og æg, toppet med cremig skyr og friske bær. En morgenmad der føles som en treat men holder blodsukkeret roligt hele formiddagen.;Arla / Valdemarsro;3 æg, 60g havregryn, 150g skyr, blåbær, kanel, kardemomme, 1 spsk knuste hørfrø;30;7;410;15;1. Blend 2 æg, havregryn, 100g skyr og en halv banan til en jævn dej. Tilsæt kanel, kardemomme og knuste hørfrø. 2. Varm en pande med lidt smør ved middel varme. Kom ca. ½ dl dej per pandekage på panden og steg 2 minutter på hver side, til de er gyldne. 3. Pisk det sidste æg og steg det som røræg ved siden af, hvis du vil have ekstra protein. 4. Anret pandekagerne med 50g skyr, friske blåbær og et drys kanel på toppen.;Lav dejen aftenen før og opbevar den i køleskabet. Så tager det kun 5 minutter om morgenen. Blåbær kan byttes med hindbær eller skivede jordbær efter sæson.
Morgenmad;Krydret tomatpande med bønner og æg;En varm shakshuka-inspireret pande med pocherede æg i krydret tomatsauce og mættende hvide bønner. Perfekt til weekendmorgener eller når du vil have noget ekstra.;Spis Bedre;3 æg, 200g hvide bønner, hakkede tomater, feta, spidskommen, røget paprika, 1 skive rugbrød;30;12;460;25;1. Varm olivenolie i en dyb pande ved middel varme. Sauter hakket løg og hvidløg i 2 minutter. 2. Tilsæt spidskommen og røget paprika og rør rundt i 30 sekunder, til det dufter. 3. Hæld hakkede tomater og de drænede hvide bønner i panden. Lad det simre 8 til 10 minutter. Smag til med salt og peber. 4. Lav 3 fordybninger i tomatsaucen med en ske og knæk et æg i hver. Læg låg på og lad æggene sætte i 5 til 6 minutter, til hviden er fast og blommen stadig blød. 5. Drys smuldret feta over og server med en skive ristet rugbrød.;Retten kan laves med kidneybønner eller sorte bønner i stedet for hvide. Tilsæt lidt frisk chili hvis du kan lide det med varme. Rester smager også godt koldt næste dag.
Morgenmad;Fyldig svampeomelet med hytteost;En saftig omelet med stegte svampe, cremet hytteost og frisk avocado. Klar på 15 minutter og mætter godt langt op ad formiddagen.;Valdemarsro;3 æg, champignon, 80g hytteost, frisk timian, 1 skive rugbrød, chiliflager, ½ avocado;32;8;460;15;1. Skær champignonerne i skiver og steg dem i smør på en varm pande i 3 til 4 minutter, til de er gyldne og har afgivet væde. Krydr med salt, peber og frisk timian. Tag dem af panden. 2. Pisk 3 æg sammen med en smule salt og et drys chiliflager. Hæld æggemassen på panden ved middel varme med lidt smør. 3. Lad omeletten sætte i 2 til 3 minutter. Fordel hytteost og de stegte svampe på den ene halvdel. Fold omeletten sammen. 4. Skær avocadoen i skiver og anret ved siden af med en skive ristet rugbrød.;Byt champignon ud med blandede svampe for mere smag. Tilføj lidt revet parmesan over omeletten lige inden servering.
Morgenmad;Ovnbagt æggekage med grønt og parmesan;En nem æggekage med spinat, kikærter og parmesan der stort set laver sig selv i ovnen. Perfekt til meal prep fordi den smager lige så godt kold.;I Form;4 æg, frisk spinat, soltørrede tomater, 30g parmesan, oregano, 100g kikærter;28;7;410;25;1. Tænd ovnen på 180 grader varmluft. 2. Pisk 4 æg sammen med salt, peber og oregano. 3. Varm olivenolie i en ovnfast pande. Sauter spinat hurtigt til den falder sammen. Tilsæt drænede kikærter og hakkede soltørrede tomater og varm med i 1 minut. 4. Hæld æggemassen over grøntsagerne og drys revet parmesan over. 5. Sæt panden i ovnen og bag i 12 til 15 minutter, til æggekagen er fast og let gylden på toppen. 6. Lad den hvile 2 minutter før servering.;Perfekt som meal prep. Skær i portioner og opbevar i køleskabet i op til 3 dage. Kan spises kold eller opvarmet.
Morgenmad;Bløde røræg med laks og avocado;Cremige røræg på rugbrød med røget laks og avocado. En klassiker der tager 10 minutter og giver dig protein og gode fedtstoffer fra morgenstunden.;Spis Bedre;3 æg, 60g røget laks, ½ avocado, frisk dild, 1 skive rugbrød, citronzest;32;7;470;10;1. Pisk 3 æg let sammen med en smule salt og peber. 2. Smelt en klat smør i en pande ved svag varme. Hæld æggene i og rør langsomt med en spatel, til de er cremede og stadig lidt bløde. Tag dem af varmen lidt før de er helt faste, da de fortsætter med at sætte. 3. Rist en skive rugbrød. 4. Skær avocadoen i skiver. Læg røræggene på rugbrødet, top med røget laks, avocadoskiver, frisk dild og lidt citronzest.;Hemmeligheden ved cremede røræg er lav varme og tålmodighed. Tilsæt aldrig mælk i æggene. En knivspids chiliflager på toppen giver et fint løft.
Morgenmad;Cremet morgengrød med æg og valnødder;Havregrød taget op et level med et æg rørt i for ekstra cremighed og protein. Toppet med udblødte chiafrø, revet æble og knasende valnødder.;Valdemarsro;50g havregryn, 1 æg rørt i, mælk, knuste valnødder, kanel, 100g skyr, 1 spsk chiafrø (udblødt), revet æble;22;8;420;10;1. Udbløt chiafrøene i 2 spsk vand i mindst 15 minutter eller natten over. 2. Kog havregryn med mælk og en smule salt ved svag varme i 4 til 5 minutter under omrøring. 3. Pisk ægget let og rør det hurtigt i den varme grød. Rør konstant, så ægget fordeler sig jævnt og giver en cremet konsistens. 4. Anret grøden i en skål med de udblødte chiafrø, revet æble, knuste valnødder, en klat skyr og et drys kanel.;Ægget giver ekstra cremighed og protein uden at man kan smage det. Prøv med pære i stedet for æble om efteråret. Undgå at spise tørre chiafrø alene.
Morgenmad;Morgenwrap med chorizo og sorte bønner;En fyldig morgenwrap med krydret chorizo, mosede sorte bønner og friske grøntsager. Nem at tage med og holder dig mæt i timevis.;Valdemarsro;Fuldkornstortilla, 2 æg, chorizo, 150g sorte bønner, rucola, lime;30;9;470;15;1. Skær chorizoen i tynde skiver og steg dem sprøde på en pande uden fedt i 2 minutter. Tag dem af panden. 2. Pisk 2 æg sammen og steg dem som røræg på den samme pande i chorizoens fedt ved svag varme. 3. Varm de sorte bønner i en lille gryde eller microovn. Mos dem let med en gaffel og smag til med salt og et pres limesaft. 4. Varm tortillaen kort på en tør pande. Fordel bønnemosen, røræg, chorizo og rucola på tortillaen og rul den sammen.;Bønnerne kan moses helt eller kun delvist, alt efter smag. Byt chorizo ud med kalkunbacon for en lettere version.
Morgenmad;Grøntsagsmuffins med ost og havre;Små æggemuffins proppet med broccoli, peberfrugt og cheddar. Lav et helt hold søndag aften og tag dem op til en hurtig morgenmad i løbet af ugen.;I Form;3 æg, broccoli, rød peberfrugt, 40g cheddar, 2 spsk havregryn, muskatnød, 1 skive rugbrød til;26;7;400;30;1. Tænd ovnen på 180 grader varmluft. 2. Hak broccoli og peberfrugt i små tern. 3. Pisk 3 æg sammen med havregryn, revet cheddar, en smule muskatnød, salt og peber. 4. Vend grøntsagerne i æggemassen. 5. Fordel blandingen i en smurt muffinform, ca. 6 stk. 6. Bag i 18 til 20 minutter, til de er faste og gyldne. 7. Server 2 til 3 muffins med en skive rugbrød.;Muffinerne fryser godt. Lav en stor portion og tag dem op efter behov. De kan opvarmes i mikroovn på 1 minut.
Morgenmad;Grove boller med hytteost og frø;Hjemmebagte proteinboller med hytteost, havregryn og frø. Kræver lidt mere tid men giver dig friskbagte boller klar til flere morgener.;Arla;200g hytteost, havregryn, 1 æg, solsikkefrø, knuste hørfrø, honning, skinke til;28;7;410;40;1. Tænd ovnen på 200 grader varmluft. 2. Bland 200g hytteost, 150g havregryn, 1 æg, 2 spsk solsikkefrø, 1 spsk knuste hørfrø, 1 tsk honning og en smule salt i en skål til en jævn dej. 3. Form dejen til 6 boller med fugtige hænder og læg dem på en bageplade med bagepapir. 4. Bag i 20 til 25 minutter, til de er gyldne og faste. 5. Lad dem afkøle lidt og server med skinke.;Bollerne holder sig 3 dage i køleskabet og kan fryses. Prøv dem med ost og agurk eller avocado.
Morgenmad;Tyktflydende skyr med knust hørfrø og æble;Den enkleste morgenmad der stadig rammer protein og fiber. Cremig skyr med udblødte frø, revet æble og kanel. Klar på 5 minutter hvis frøene er forberedt.;Arla / Mummum;200g skyr, 2 spsk knuste hørfrø (udblødt natten over), revet æble, kanel, valnødder, 1 spsk chiafrø (udblødt);22;9;350;10;1. Udbløt hørfrøene og chiafrøene i hver 2 spsk vand natten over i køleskabet. 2. Riv æblet groft. 3. Kom skyren i en skål og rør de udblødte frø i. 4. Top med revet æble, knuste valnødder og et drys kanel.;Hørfrø skal altid være knuste for at kroppen kan optage næringsstofferne. Hele hørfrø passerer ufordøjet. Byt æble ud med pære eller friske bær efter sæson.
Frokost;Spinattærte med laks og dild;En hjemmelavet tærte med laks, spinat og dild i en sprød fuldkornsbund. Kan bages i forvejen og skæres i portioner til flere dages frokost.;Valdemarsro;Laks, spinat, æg, fuldkornsmel, mælk, frisk dild, citronsaft, grøn salat med avocado til;30;7;480;50;1. Tænd ovnen på 175 grader varmluft. 2. Lav tærtedej ved at blande 150g fuldkornsmel, 75g koldt smør og en smule salt. Tilsæt 2 spsk koldt vand og saml dejen. Tryk den ud i en smurt tærteform og forbag i 10 minutter. 3. Tø spinaten op og pres væden godt ud. Fordel spinat og laksetern på tærtebunden. 4. Pisk 3 æg med 1,5 dl mælk, hakket dild, salt og peber. Hæld blandingen over. 5. Bag i 25 til 30 minutter, til æggemassen er fast. 6. Server med en grøn salat med avocado og citronsaft.;Kan laves dagen før og opvarmes. Erstat laks med rejer eller røget torsk for variation.
Frokost;Frisk tunsalat med æg og kikærter;En proteinrig salat med tun, hårdkogte æg og kikærter i en frisk sennepsdressing. Klar på et kvarter og nem at pakke som madpakke.;Spis Bedre;Tun på dåse, 2 hårdkogte æg, 150g kikærter, bladsalat, sennepsdressing, kapers;34;8;420;15;1. Kog 2 æg i 8 minutter til de er hårdkogte. Afkøl dem i koldt vand og pil dem. 2. Dryn tun fra dåsen og skyl kikærterne. 3. Bland en dressing af 1 spsk olivenolie, 1 tsk grov sennep, citronsaft, salt og peber. 4. Anret bladsalat på en tallerken. Fordel tun, halverede æg, kikærter og kapers på toppen. 5. Dryp dressingen over.;Kan pakkes i en madkasse til frokost på farten. Tilsæt skivede radiser eller agurk for ekstra sprødhed.
Frokost;Klassisk rugbrød med tun og hytteost;Dansk frokostklassiker med tunblanding på rugbrød, toppet med sprøde radiser og karse. Simpelt, hurtigt og mættende.;I Form;2 skiver rugbrød, tun, hytteost, agurk, radiser, karse, citron, gulerodsstave til;30;9;390;10;1. Bland drænet tun med 2 spsk hytteost, et skvæt citronsaft, salt og peber. 2. Fordel blandingen på 2 skiver rugbrød. 3. Top med tynde agurke- og radiseskiver og frisk karse. 4. Server med gulerodsstave ved siden af.;Tilsæt lidt finthakket rødløg og dild i tunblandingen for ekstra smag. Kan også laves med laks fra dåse.
Frokost;Kyllingewrap med hummus og sprødt grønt;En fuldkornswrap med kylling, cremet hummus og sprødt grønt. Perfekt at rulle sammen og tage med som madpakke.;Valdemarsro;Fuldkornstortilla, kylling, hummus, rødkål, gulerod, sesamfrø, edamame;32;8;450;15;1. Skær kyllingebrystet i tynde strimler og steg dem på en varm pande med lidt olivenolie, salt og peber i 4 til 5 minutter. 2. Riv gulerødder groft og snit rødkålen fint. 3. Varm tortillaen kort på en tør pande. 4. Smør et tykt lag hummus ud over tortillaen. Fordel kylling, rødkål, gulerod og edamame på. 5. Drys med sesamfrø og rul wrappen stramt sammen. Skær den over på midten.;Brug rester af stegt kylling fra aftensmaden. Wrappen kan pakkes i folie og tages med som madpakke.
Frokost;Kikærtebowl med feta og ristede mandler;En frisk bowl med kikærter, quinoa, feta og ristede mandler i citronvinaigrette. Let at forberede og fuld af fiber.;Arla;200g kikærter, feta, mandler, tomat, agurk, citronvinaigrette, frisk mynte, quinoa;24;11;440;15;1. Kog quinoa efter anvisning og lad den køle af. 2. Rist mandlerne på en tør pande i 2 til 3 minutter. 3. Skær tomat og agurk i tern. 4. Bland en dressing af olivenolie, citronsaft, salt og peber. 5. Anret quinoa og kikærter i en skål. Top med tomat, agurk, smuldret feta, ristede mandler og frisk mynte. 6. Dryp dressingen over.;Kan forberedes aftenen før som meal prep. Quinoa kan erstattes med havreris for mere fiber.
Frokost;Linsesalat med blødkogt æg og sennep;Lune grønne linser vendt i grov sennepsvinaigrette med blødkogte æg på toppen. Mættende og fuld af smag fra sennep og friske urter.;Valdemarsro;150g grønne linser, 2 blødkogte æg, radiser, persille, grov sennepsvinaigrette;26;9;390;25;1. Kog de grønne linser i let saltet vand i 18 til 20 minutter, til de er møre men stadig har bid. Dræn og lad dem køle lidt. 2. Kog 2 æg i 6 minutter til de er blødkogte. Afkøl i koldt vand. 3. Bland en vinaigrette af olivenolie, grov sennep, hvidvinseddike, salt og peber. 4. Vend de lune linser med vinaigretten, skivede radiser og hakket persille. 5. Halver æggene og læg dem på toppen.;Linser fra dåse sparer tid, bare skyl dem godt. Tilføj lidt rygeost eller feta for ekstra smag.
Frokost;Asiatisk nudelsalat med edamame;En frisk nudelsalat med fuldkornsnudler, edamame og sprøde gulerødder i en cremet peanutdressing. Smager endnu bedre næste dag.;I Form;Fuldkornsnudler, 150g edamame, gulerod, koriander, peanutdressing, riseddike;28;8;450;20;1. Kog fuldkornsnudlerne efter anvisning. Skyl dem i koldt vand og dræn. 2. Kog edamame i 3 minutter og dræn. 3. Riv gulerødder groft. 4. Bland en dressing af 2 spsk peanutbutter, sojasauce, riseddike, lidt sesamolie og varmt vand til den rette konsistens. 5. Vend nudler, edamame og gulerødder med dressingen. 6. Top med frisk koriander og evt. ristede sesamfrø.;Tilsæt strimlet kylling for ekstra protein. Dressingen kan laves i større mængder og holde sig på køl i en uge.
Frokost;Bagt sød kartoffel med bønnefyld;En ovnbagt sød kartoffel fyldt med mosede sorte bønner, smeltet cheddar og frisk avocado. Mættende comfort food med masser af fiber.;Valdemarsro;Sød kartoffel, 150g sorte bønner, revet cheddar, avocado, limesaft, koriander;24;12;450;40;1. Tænd ovnen på 200 grader. 2. Prik huller i den søde kartoffel med en gaffel og bag den i 35 til 40 minutter, til den er helt mør. 3. Varm de sorte bønner i en gryde med et drys spidskommen og salt. Mos dem let med en gaffel. 4. Skær kartoflen op på langs og åbn den. 5. Fyld med bønneblanding, revet cheddar og avocadotern. Pres limesaft over og drys med frisk koriander.;Brug mikrobølgeovnen til kartoflen på travle dage, det tager 8 til 10 minutter. Tilsæt en klat græsk yoghurt i stedet for creme fraiche.
Frokost;Kyllingesalat med sprød bacon og ærteskud;En frisk salat med kylling, sprød bacon og sprøde ærteskud. Rugbrødet ved siden af giver ekstra fiber og holder dig mæt.;Valdemarsro;Kylling, bacon, ærteskud, cherrytomat, let dressing, solsikkekerner, 1 skive rugbrød;32;7;460;20;1. Steg 2 skiver bacon sprøde på en pande og lad dem dræne på køkkenrulle. Bryd dem i stykker. 2. Skær kyllingebrystet i tynde skiver og steg dem i baconens fedt i 4 til 5 minutter. Krydr med salt og peber. 3. Halver cherrytomaterne. 4. Bland en let dressing af yoghurt, citronsaft, salt og peber. 5. Anret ærteskud, tomater, kylling og bacon i en skål. Dryp dressingen over og drys med solsikkekerner. 6. Server med en skive rugbrød.;Brug rester af kylling fra aftensmaden for at spare tid. Erstat bacon med kalkunbacon for færre kalorier.
Frokost;Grøntsagsfrittata med feta og urter;En ovnbagt frittata med sæsonens grøntsager, feta og kikærter. Lige god varm og kold, perfekt til madpakken.;I Form / Spis Bedre;4 æg, squash, peberfrugt, feta, rødløg, basilikum, persille, 100g kikærter;28;7;420;25;1. Tænd ovnen på 180 grader varmluft. 2. Skær squash, peberfrugt og rødløg i tern og sauter dem i olivenolie i en ovnfast pande i 4 til 5 minutter. 3. Tilsæt drænede kikærter og varm med i 1 minut. 4. Pisk 4 æg med salt, peber og hakkede urter. Hæld over grøntsagerne. 5. Smuldr feta over toppen. 6. Bag i ovnen i 12 til 15 minutter, til frittataen er sat og gylden. 7. Lad den hvile 3 minutter og skær i stykker.;Frittataen er lige god varm og kold. Perfekt til madpakken næste dag.
Frokost;Linsemadpandekager med laks og avocado;Pandekager lavet på røde linser i stedet for mel, fyldt med røget laks og cremet avocado. En overraskende god og mættende frokost.;Spis Bedre;Røde linser, æg, røget laks, ½ avocado, dild, rødløg;30;8;430;30;1. Udbløt 100g røde linser i vand i 1 time. Dræn og blend dem med 1 æg og en smule salt til en jævn dej. 2. Steg tynde pandekager i lidt olivenolie på en pande ved middel varme, ca. 2 minutter på hver side. 3. Skær avocadoen i skiver og rødløget i tynde ringe. 4. Fyld pandekagerne med røget laks, avocado, rødløgsringe og frisk dild.;Pandekagedejen kan laves aftenen før. Prøv med rejer i stedet for laks.
Frokost;Quinoasalat med kylling og grillet squash;En lun quinoasalat med saftig kylling, grillet squash og smuldret feta. Nem at skalere op til meal prep for hele ugen.;Valdemarsro / Arla;Quinoa, kyllingebryst, grillet squash, feta, rucola, citrondressing;34;7;430;25;1. Kog quinoa efter anvisning og lad den køle af. 2. Skær squash i halve skiver og grill dem på en varm pande med olivenolie i 2 til 3 minutter på hver side. 3. Steg kyllingebrystet helt på panden i 6 til 7 minutter på hver side. Lad det hvile 3 minutter og skær i skiver. 4. Bland quinoa, rucola og grillet squash i en skål. Læg kyllingeskiverne oven på. 5. Smuldr feta over og dryp med en citrondressing af olivenolie, citronsaft, salt og peber.;Quinoa kan erstattes med bulgur eller havreris. Lav ekstra quinoa og opbevar i køleskabet til brug i løbet af ugen.
Frokost;Rugbrødsbowl med æg hummus og grønt;Klassisk rugbrød møder bowl-konceptet med hummus, blødkogte æg og frisk avocado. Klar på 10 minutter og fuld af fiber.;I Form;2 skiver rugbrød, 2 æg, hummus, agurk, tomat, ½ avocado, chiliflager;26;11;430;10;1. Kog 2 æg i 6 til 7 minutter til de er blødkogte. Afkøl og pil dem. 2. Rist rugbrødet og skær det i grove tern. 3. Skær agurk og tomat i tern. Skær avocadoen i skiver. 4. Anret rugbrødsterningerne i en skål. Top med hummus, æg (halveret), agurk, tomat og avocado. 5. Drys med chiliflager og lidt olivenolie.;Tilsæt lidt ristede solsikkefrø for ekstra knas. Hummus kan erstattes med baba ganoush for variation.
Frokost;Rejesalat med mango og ingefærdressing;En frisk og let salat med rejer, sød mango og edamame i en pikant ingefærdressing. Perfekt til varme dage.;Arla;Rejer, mango, bladsalat, ingefær, lime, sesamfrø, rødløg, 100g edamame, quinoa;28;7;400;15;1. Kog quinoa efter anvisning og lad den køle af. Kog edamame i 3 minutter. 2. Skær mangoen i tern og rødløget i tynde ringe. 3. Bland en dressing af revet ingefær, limesaft, lidt sesamolie, sojasauce og en smule honning. 4. Anret bladsalat, quinoa, rejer, mango, edamame og rødløg i en skål. 5. Dryp dressingen over og drys med sesamfrø.;Frossen mango fungerer fint. Byt rejer ud med kylling for en kødvariant.
Frokost;Tortilla med kylling og sorte bønner;En fyldig tortilla med krydret kylling, sorte bønner og frisk salsa. Mættende og nem at lave med rester fra aftensmaden.;Valdemarsro;Fuldkornstortilla, kylling, 150g sorte bønner, salsa, ost, iceberg;32;9;450;15;1. Steg kyllingebrystet i skiver med spidskommen, røget paprika, salt og peber i 5 minutter. 2. Varm de sorte bønner i en gryde og krydr med limesaft og en smule chili. 3. Varm tortillaen på en tør pande. 4. Fordel kylling, bønner, et par skeer salsa, revet ost og strimlet iceberg på tortillaen. 5. Rul sammen og skær på skrå.;Lav gerne ekstra kylling og bønner til næste dags frokost. Tilsæt lidt græsk yoghurt som erstatning for creme fraiche.
Frokost;Æggesalat på rugbrød med radiser;Klassisk æggesalat med mayo og sennep på rugbrød, toppet med sprøde radiser og karse. Hurtig og altid tilfredsstillende.;Arla / Spis Bedre;3 hårdkogte æg, mayo, sennep, 2 skiver rugbrød, radiser, karse, dild, gulerodsstave;24;8;400;10;1. Kog 3 æg i 9 til 10 minutter. Afkøl i koldt vand og pil dem. 2. Hak æggene groft og bland med 1 spsk mayo, 1 tsk grov sennep, hakket dild, salt og peber. 3. Fordel æggesalaten på 2 skiver rugbrød. 4. Top med tynde radiseskiver og frisk karse. 5. Server med gulerodsstave ved siden af.;Erstat halvdelen af mayen med græsk yoghurt for en lettere version. Tilsæt lidt purløg for ekstra friskhed.
Frokost;Lun broccolisalat med kylling og mandler;En lun salat med dampet broccoli, saftig kylling og knasende mandler i en let yoghurtdressing. Quinoa gør den ekstra mættende.;I Form;Broccoli, kyllingebryst, mandler, solsikkekerner, yoghurtdressing, quinoa;34;8;430;20;1. Kog quinoa efter anvisning. 2. Del broccolien i små buketter og damp dem i 3 til 4 minutter, så de stadig har bid. 3. Steg kyllingebrystet helt i 6 til 7 minutter på hver side med salt og peber. Lad det hvile og skær det i skiver. 4. Rist mandler og solsikkekerner på en tør pande. 5. Bland en dressing af 2 spsk yoghurt, citronsaft, olivenolie, salt og peber. 6. Bland quinoa og broccoli i en skål. Læg kyllingeskiver oven på, drys med mandler og kerner, og dryp dressingen over.;Kan laves med dampet grønkål i stedet for broccoli om vinteren.
Frokost;Tun i fuldkornspita med hytteost;Tunblanding med hytteost i en varm fuldkornspita med friske grøntsager og edamame. En komplet madpakke på 10 minutter.;Arla / Mummum;Fuldkornspita, tun, hytteost, rucola, tomat, agurk, citron, edamame;30;7;410;10;1. Bland drænet tun med 2 spsk hytteost, et skvæt citronsaft, salt og peber. 2. Varm fuldkornspitaen kort i ovnen eller på en pande. 3. Skær den op på den ene side og fyld med tunblanding, rucola, tomatskiver, agurk og edamame.;Perfekt madpakke. Pak fyldet separat fra pitaen, så den ikke bliver blød.
Frokost;Grøn salat med linser rødbeder og valnødder;En farverig salat med lune linser, søde bagte rødbeder og knasende valnødder. Feta og balsamico binder det hele sammen.;Spis Bedre;150g grønne linser, bagte rødbeder, valnødder, feta, rucola, balsamico;24;11;420;30;1. Kog de grønne linser i 18 til 20 minutter. Dræn og lad dem køle lidt. 2. Skær bagte rødbeder i kvarte (brug vakuumpakkede for nemheds skyld). 3. Rist valnødderne på en tør pande i 2 minutter. 4. Bland en dressing af olivenolie, balsamicoeddike, salt og peber. 5. Anret rucola på en tallerken. Top med lune linser, rødbeder, smuldret feta og valnødder. 6. Dryp dressingen over.;Rødbederne kan erstattes med bagte gulerødder. Gedeost fungerer også fint i stedet for feta.
Frokost;Kyllingebowl med havreris og edamame;En asiatisk-inspireret bowl med kylling, havreris og edamame i sojasauce. Havreris giver ekstra fiber og en dejlig nøddeagtig smag.;Valdemarsro / I Form;Kylling, havreris, 100g edamame, gulerod, sojasauce, sesamfrø, ingefær;34;9;470;25;1. Kog havreris efter anvisning. 2. Steg kyllingebrystet i skiver med revet ingefær, sojasauce og lidt sesamolie i 5 minutter. 3. Kog edamame i 3 minutter. 4. Riv gulerødder groft. 5. Anret havreris i en skål. Fordel kylling, edamame og gulerod på toppen. 6. Dryp med lidt sojasauce og drys med sesamfrø.;Lav ekstra havreris til brug som base i frokostbowls resten af ugen.
Frokost;Sprød falafel i pitabrød med tahindressing;Hjemmelavede falafler af kikærter i varm pitabrød med friske grøntsager og cremet tahindressing. Mættende og fuld af fiber.;Spis Bedre / Valdemarsro;Kikærter, persille, spidskommen, fuldkornspita, tomat, agurk, rødløg, tahini;28;10;430;30;1. Blend 200g drænede kikærter med en håndfuld persille, 1 fed hvidløg, 1 tsk spidskommen, salt og peber til en grov masse. Tilsæt 1 spsk mel hvis det er for løst. 2. Form til små flade frikadeller med fugtige hænder. 3. Steg dem i olivenolie ved middel varme i 3 til 4 minutter på hver side, til de er sprøde og gyldne. 4. Bland en tahindressing af 2 spsk tahini, citronsaft, 1 fed revet hvidløg og vand til den rette konsistens. 5. Varm pitabrødet kort og fyld med falafel, tomattern, agurkeskiver og rødløgsringe. 6. Dryp tahindressingen over.;Falafelblandingen kan laves aftenen før og opbevares i køleskabet. Byt pitabrød ud med en fuldkornstortilla for en wrap-version.
Frokost;Lun laksesalat med søde kartofler og sennep;Stegt laks i store flager på en bund af lune søde kartofler og frisk salat. Sennepsdressingen giver et fint pift.;Arla / I Form;Laks, søde kartofler, bladsalat, rødløg, sennepsdressing, knuste hørfrø;32;8;450;30;1. Tænd ovnen på 200 grader. Skær søde kartofler i tern og bag dem med olivenolie og salt i 20 minutter. 2. Krydr laksefileten med salt og peber og steg den på panden i 4 minutter på hver side. Pil den i store flager. 3. Bland en dressing af 1 spsk grov sennep, olivenolie, citronsaft, salt og peber. 4. Anret bladsalat på en tallerken med lune søde kartofler, lakseflager og tynde rødløgsringe. 5. Dryp sennepsdressingen over og drys med knuste hørfrø.;Brug rester af bagt laks fra aftensmaden. Hørfrø skal altid være knuste for at kroppen kan optage næringsstofferne.
Frokost;Edamamebowl med æg og sesamdressing;En farverig bowl med edamame, blødkogte æg, avocado og sprøde gulerødder. Sesamdressingen binder det hele sammen.;I Form / Spis Bedre;200g edamame, 2 æg, gulerod, agurk, avocado, sesamfrø, sojasauce, riseddike, fuldkornsris;28;9;440;20;1. Kog fuldkornsris efter anvisning og lad det køle lidt. 2. Kog edamame i 3 minutter og dræn. 3. Kog 2 æg i 7 minutter til de er blødkogte. Afkøl og halver dem. 4. Riv gulerødder groft og skær agurk i tynde skiver. Skær avocadoen i skiver. 5. Bland en dressing af sojasauce, riseddike, lidt sesamolie og revet ingefær. 6. Anret ris i en skål. Fordel edamame, æg, gulerod, agurk og avocado i sektioner. 7. Dryp dressingen over og drys med sesamfrø.;Tilsæt kimchi for en fermenteret dimension og ekstra fiber. Resten af risen kan bruges til en hurtig wok-ret om aftenen.
Frokost;Hytteost-pandekager med røget laks;Lette pandekager lavet med hytteost og havregryn, serveret med røget laks og frisk dild. Hurtige at lave og overraskende mættende.;Arla / Valdemarsro;200g hytteost, 2 æg, havregryn, røget laks, agurk, dild, citron, knuste hørfrø;30;7;410;15;1. Blend 200g hytteost, 2 æg og 3 spsk havregryn til en jævn dej. Tilsæt 1 spsk knuste hørfrø. 2. Varm lidt smør i en pande ved middel varme. Kom ca. ½ dl dej per pandekage på panden. 3. Steg i 2 til 3 minutter på hver side, til de er gyldne. 4. Skær agurk i tynde skiver. 5. Anret pandekagerne med røget laks, agurkeskiver, frisk dild og et skvæt citronsaft.;Pandekagedejen kan laves aftenen før. De er også gode kolde til madpakken.
Frokost;Mexicansk bønnesalat med kylling og lime;En frisk og krydret bønnesalat med kylling, sorte bønner, kidneybønner og lime. Fuld af fiber og perfekt til meal prep.;Valdemarsro;Kylling, 100g sorte bønner, 100g kidneybønner, majs, tomat, rødløg, lime, koriander, spidskommen;34;12;450;20;1. Steg kyllingebrystet med spidskommen, røget paprika og salt i 6 til 7 minutter på hver side. Lad det hvile og skær i skiver. 2. Dræn og skyl sorte bønner og kidneybønner. 3. Skær tomater i tern og rødløg i fine ringe. 4. Bland bønner, majs, tomat og rødløg i en skål. 5. Pres lime over og krydr med salt og en smule olivenolie. 6. Anret bønnesalaten med kyllingeskiver og frisk koriander på toppen.;Lav ekstra bønnesalat og brug den som fyld i en wrap eller til en hurtig omelet næste dag.
Frokost;Rugbrødssandwich med kylling og pesto;Et smagfuldt rugbrødssandwich med kylling, pesto, mozzarella og soltørrede tomater. Edamame ved siden af booster proteinet.;Valdemarsro / Arla;2 skiver rugbrød, kyllingebryst, grøn pesto, mozzarella, soltørrede tomater, rucola, 100g edamame;32;9;440;15;1. Steg kyllingebrystet med salt og peber i 6 til 7 minutter på hver side. Lad det hvile og skær i tynde skiver. 2. Kog edamame i 3 minutter og dræn. 3. Smør pesto på begge skiver rugbrød. 4. Læg kyllingeskiver, skiveret mozzarella, hakkede soltørrede tomater og rucola på den ene skive. 5. Klap sandwichen sammen og skær over på skrå. 6. Server med edamame ved siden af.;Brug rester af kylling fra aftensmaden for at spare tid. Pestoen kan erstattes med hummus for en anden smagsprofil.
Frokost;Grøn suppe med spinat og hvide bønner;En cremet grøn suppe med spinat og hvide bønner, toppet med parmesan. Nem at lave i stor portion og fryse til travle dage.;Spis Bedre / I Form;Spinat, 200g hvide bønner, løg, hvidløg, bouillon, parmesan, citron, rugbrød til;24;10;380;20;1. Sauter hakket løg og hvidløg i olivenolie i en gryde i 2 minutter. 2. Tilsæt 4 dl grøntsagsbouillon og drænede hvide bønner. Lad det simre i 8 minutter. 3. Tilsæt en stor håndfuld frisk spinat og lad den falde sammen i 1 minut. 4. Blend suppen glat med en stavblender. Smag til med salt, peber og citronsaft. 5. Server i dybe tallerkener med revet parmesan og et skvæt olivenolie. 6. Spis med en skive ristet rugbrød til.;Suppen fryser godt i portioner. Tilsæt en klat creme fraiche 18% for ekstra cremighed.
Frokost;Warm bowl med ristede kikærter og tahini;En lun bowl med sprøde ovnbagte kikærter, sød kartoffel og quinoa. Tahindressingen gør den ekstra cremet og mættende.;Valdemarsro / I Form;200g kikærter, sød kartoffel, spinat, quinoa, tahini, citron, hvidløg, røget paprika;24;12;430;30;1. Tænd ovnen på 200 grader. 2. Kog quinoa efter anvisning. 3. Skær søde kartofler i tern og vend dem med olivenolie og salt. Bred drænede kikærter ud på en anden del af bagepladen og drys med røget paprika og olivenolie. 4. Bag i 20 til 25 minutter, til kartoflerne er møre og kikærterne sprøde. 5. Bland en tahindressing af 2 spsk tahini, citronsaft, 1 fed revet hvidløg og vand. 6. Anret quinoa i en skål med sød kartoffel, sprøde kikærter og frisk spinat. 7. Dryp tahindressingen over.;Sprøde kikærter er en fantastisk topping der også kan laves i større mængder og opbevares i en lufttæt beholder i 3 dage.
Frokost;Omelett med rejer og grønt;En hurtig omelet med rejer, peberfrugt og feta. Kikærter ved siden af og rugbrød til gør den til en komplet frokost.;Arla / Spis Bedre;3 æg, rejer, peberfrugt, forårsløg, feta, 1 skive rugbrød, 100g kikærter;30;8;420;15;1. Pisk 3 æg sammen med salt og peber. 2. Varm olivenolie i en pande ved middel varme. Steg rejer og peberfrugtstrimler i 2 minutter. 3. Hæld æggemassen over og lad omeletten sætte i 3 til 4 minutter. 4. Smuldr feta over den ene halvdel og fold omeletten sammen. 5. Varm kikærterne i en lille gryde med lidt olivenolie og salt. 6. Anret omeletten med varme kikærter, hakket forårsløg og en skive rugbrød.;Byt rejerne ud med røget laks eller skinke for variation. Omeletten er hurtig at lave og mætter godt.
Frokost;Bulgursalat med kylling og bagte grøntsager;En lun salat med bulgur, saftig kylling og ovnbagte grøntsager i citrondressing. Bulgur er hurtigere end quinoa og har masser af fiber.;Valdemarsro / I Form;Bulgur, kyllingebryst, aubergine, peberfrugt, cherrytomater, persille, citrondressing, 100g kikærter;32;9;440;30;1. Kog bulgur efter anvisning og lad den køle. 2. Tænd ovnen på 200 grader. Skær aubergine og peberfrugt i tern og vend med olivenolie og salt. Bag i 20 minutter. 3. Steg kyllingebrystet med salt og peber i 6 til 7 minutter på hver side. Lad det hvile og skær i skiver. 4. Bland bulgur med bagte grøntsager, drænede kikærter, halverede cherrytomater og hakket persille. 5. Dryp en citrondressing af olivenolie, citronsaft, salt og peber over. 6. Anret med kyllingeskiver på toppen.;Erstat kylling med halloumi for en vegetarisk udgave. Bulgur er hurtigere at tilberede end quinoa og har mere fiber.
Aftensmad;Krydret ovnkylling med linser og tomat;Kyllingelår bagt på en bund af grønne linser og cherrytomater. Linserne suger al den gode smag fra kyllingen og tomaterne under bagningen.;Valdemarsro;Kyllingelår, 150g grønne linser, cherrytomat, rosmarin, parmesan, hvidløg;38;8;490;45;1. Tænd ovnen på 175 grader varmluft. 2. Forkog de grønne linser i vand i 10 minutter. Dræn. 3. Kom linserne i et smurt ovnfast fad og hæld kyllingebouillon over. 4. Krydr kyllingelårene med salt, peber og rosmarin. Læg dem oven på linserne. Fordel halverede cherrytomater og knuste hvidløgsfed rundt om. 5. Riv parmesan over kyllingeskindet. 6. Bag i 35 til 40 minutter, til kyllingen er gennemstegt og skindet sprødt.;Linserne suger al den gode smag fra kylling og tomater under bagningen. Byt parmesan ud med pecorino for en skarpere smag.
Aftensmad;Ovnbagt laks med rodfrugter og spidskål;Laks bagt oven på sæsonens rodfrugter med frisk timian. En simpel alt-i-et-ret hvor ovnen gør arbejdet for dig.;I Form;Laksefillet, gulerødder, pastinakker, spidskål, olivenolie, timian;36;7;460;30;1. Tænd ovnen på 200 grader. 2. Skær gulerødder og pastinakker i stave. Skær spidskålen i kvarte. 3. Vend grøntsagerne med olivenolie, salt, peber og frisk timian i et ovnfast fad. Bag i 15 minutter. 4. Læg laksefileterne oven på grøntsagerne. Krydr med salt og peber. 5. Bag i yderligere 12 til 15 minutter, til laksen er gennemstegt. 6. Pres lidt citron over inden servering.;Tilsæt et par fed hvidløg i hele skaller blandt grøntsagerne for ekstra smag.
Aftensmad;Cremet kikærte- og linsegryde med kylling;En cremet gryde med kikærter, røde linser og kokosmælk der simrer sig smagfuld. Fyldt med fiber og perfekt til at fryse i portioner.;Valdemarsro;150g kikærter, røde linser, kokosmælk, tomat, karry, kyllingestykker, koriander;30;12;470;45;1. Skær kyllingebrystet i tern og brun det i olivenolie i en gryde. Tag kyllingen op. 2. Sauter hakket løg og hvidløg i 2 minutter. Tilsæt revet ingefær, karry og spidskommen og rør i 1 minut. 3. Tilsæt hakkede tomater, kokosmælk, drænede kikærter og skylrede røde linser. 4. Lad gryden simre i 20 til 25 minutter, til linserne er kogt ud og saucen er tyknet. 5. Kom kyllingen tilbage i gryden de sidste 5 minutter. 6. Smag til med salt og top med frisk koriander.;Retten fryser fint i portioner. Lav dobbelt portion og frys halvdelen.
Aftensmad;Krydret tomatpande med aubergine og æg;En varm pande med bagt aubergine, cannellinibønner og pocherede æg i krydret tomatsauce. Mættende og fuld af grøntsager.;Spis Bedre;3 æg, aubergine, 150g cannellinibønner, tomatsauce, feta, persille;28;9;410;30;1. Skær auberginen i tern og steg dem i olivenolie i en dyb pande i 5 til 6 minutter, til de er bløde. 2. Tilsæt hakket hvidløg og et drys chili. Rør i 30 sekunder. 3. Hæld tomatsauce og drænede cannellinibønner i. Lad det simre i 10 minutter. 4. Lav 3 fordybninger og knæk et æg i hver. Læg låg på og kog i 5 til 6 minutter. 5. Smuldr feta over og drys med frisk persille.;Server med et godt fuldkornsbrød til at dyppe i saucen. Oliven kan tilsættes for mere smag.
Aftensmad;Linsegryde med kylling og frisk koriander;En varmende gryde med røde linser og kylling i en krydret tomatsauce. Yoghurt og koriander giver friskhed oven på.;Valdemarsro;150g røde linser, kyllingebryst, løg, tomat, karry, yoghurt, koriander, spidskommen;32;10;440;40;1. Skær kyllingebrystet i tern og brun det i olie med salt og peber. Tag det op. 2. Sauter hakket løg i 3 minutter. Tilsæt karry, spidskommen og hvidløg og rør i 1 minut. 3. Tilsæt hakkede tomater, skylrede røde linser og 3 dl vand. 4. Lad gryden simre i 15 til 20 minutter, til linserne er bløde og saucen tyknet. 5. Kom kyllingen i de sidste 5 minutter. Smag til med salt. 6. Server med en klat yoghurt og frisk koriander.;Erstat kylling med søde kartofler i tern for en vegetarisk udgave.
Aftensmad;Grøntsagsfad med halloumi og kikærter;Ovnbagte grøntsager med sprøde kikærter og gylden halloumi. Et vegetarisk fad der mætter uden at være tungt.;Valdemarsro;Halloumi, 150g kikærter, gulerødder, squash, røget paprika, timian;28;9;450;40;1. Tænd ovnen på 200 grader. 2. Skær gulerødder i stave og squash i halve skiver. 3. Vend grøntsagerne med drænede kikærter, olivenolie, røget paprika, timian, salt og peber i et stort fad. 4. Bag i 25 minutter. 5. Skær halloumi i skiver og læg dem oven på grøntsagerne. Bag i yderligere 10 minutter, til halloumien er gylden. 6. Drys med frisk persille inden servering.;Tilsæt ristede pinjekerner eller græskarkerner for ekstra knas og protein.
Aftensmad;Rød linsesuppe med tomat og ristede kerner;En silkeblød linsesuppe med tomat og chili, toppet med ristede græskarkerner. Nem at lave i stor portion og fryser perfekt.;I Form;Tomater, 150g røde linser, ristede græskarkerner, løg, hvidløg, chili, spidskommen;22;10;360;30;1. Sauter hakket løg og hvidløg i olivenolie i en gryde i 3 minutter. 2. Tilsæt spidskommen og chili og rør i 30 sekunder. 3. Hæld hakkede tomater og 4 dl vand i. Tilsæt de skylrede røde linser. 4. Lad suppen simre i 20 minutter, til linserne er bløde. 5. Blend suppen glat med en stavblender. Smag til med salt og peber. 6. Server med ristede græskarkerner og et skvæt olivenolie.;Tilsæt en klat yoghurt for cremighed. Suppen fryser godt, lav gerne dobbelt portion.
Aftensmad;Ovnbagt torsk med hvide bønner og pesto;Torsk med pesto bagt oven på hvide bønner, tomater og spinat. En alt-i-et-ret der er klar på 25 minutter.;Spis Bedre / Arla;Torskefilet, 150g hvide bønner, grøn pesto, cherrytomater, spinat, citron;32;9;400;25;1. Tænd ovnen på 200 grader. 2. Fordel drænede hvide bønner, halverede cherrytomater og frisk spinat i et ovnfast fad. Dryp med olivenolie. 3. Læg torskefileterne oven på. Fordel en spiseskefuld pesto på hver filet. 4. Krydr med salt og peber. 5. Bag i 15 til 18 minutter, til torsken flager let. 6. Pres citron over inden servering.;Hjemmelavet pesto af basilikum, pinjekerner og parmesan giver det bedste resultat. Retten er også god med sejfilet.
Aftensmad;Blomkålskarry med kylling og spinat;En fyldig karry med blomkål, kikærter og kokosmælk. Spinaten tilsættes til sidst og giver farve og ekstra næring.;Valdemarsro;Blomkål, 150g kikærter, spinat, kokosmælk, karry, kylling, ingefær;30;11;450;40;1. Skær kyllingebrystet i tern og steg det i olie med salt og karry i 4 minutter. Tag det op. 2. Sauter hakket løg, hvidløg og revet ingefær i 2 minutter. 3. Tilsæt karry og rør i 1 minut. 4. Kom blomkålsbuketter, drænede kikærter og kokosmælk i gryden. Lad det simre i 15 minutter. 5. Tilsæt spinat og kylling de sidste 5 minutter. 6. Smag til med salt og server med fuldkornsris.;Erstat kylling med paneer for en vegetarisk version. Tilsæt lidt garam masala til sidst for mere dybde.
Aftensmad;Stegt laks på grønne linser med yoghurt;Sprødstegt laks serveret på en bund af lune grønne linser med yoghurt og dild. Simpelt, smagfuldt og mættende.;Valdemarsro;150g grønne linser, laksefillet, yoghurt, dild, citron, rødløg, olivenolie;34;8;470;30;1. Kog de grønne linser i let saltet vand i 18 til 20 minutter. Dræn. 2. Krydr laksen med salt og peber. Steg den med skindsiden ned i olivenolie på en varm pande i 4 minutter. Vend og steg 2 minutter mere. 3. Bland de lune linser med finthakket rødløg, citronsaft, olivenolie, salt og peber. 4. Anret linserne på en tallerken med laksen oven på. 5. Top med en klat yoghurt og frisk dild.;Brug puylinser eller belugalinser som alternativ. De holder formen endnu bedre.
Aftensmad;Fiskegryde med torsk og grøntsager;En klassisk dansk fiskegryde med torsk, rodfrugter og broccoli i en let flødesauce med dild. Comfort food når det er bedst.;Arla;Torsk, gulerødder, porre, selleri, fløde, dild, citron, kartofler, broccoli;30;7;450;35;1. Skær gulerødder, porre, selleri og kartofler i tern. 2. Kog grøntsagerne i kyllingebouillon i 10 minutter. 3. Tilsæt broccolibuketter og kog i 3 minutter mere. 4. Skær torsken i store stykker og læg dem forsigtigt i gryden. Lad fisken simre i 5 til 6 minutter. 5. Tilsæt et skvæt fløde og hakket dild. Smag til med salt, peber og citronsaft. 6. Server gryden i dybe tallerkener.;Tilsæt rejer de sidste 2 minutter for en mere festlig version. Server gerne med et godt brød til.
Aftensmad;Kylling i cremet sennepssauce med broccoli;Saftig kylling i en cremet sennepssauce med dampet broccoli og fuldkornsris. En hverdagsklassiker der altid rammer rigtigt.;Valdemarsro;Kyllingebryst, grov sennep, creme fraiche 18%, broccoli, hvidløg, timian, fuldkornsris;34;7;460;30;1. Kog fuldkornsris efter anvisning. 2. Dup kyllingebrystet tørt og krydr med salt og peber. Steg det i smør og olivenolie i 6 til 7 minutter på hver side. Tag det af panden og lad det hvile. 3. Sauter hvidløg i den samme pande i 30 sekunder. Tilsæt creme fraiche, grov sennep og frisk timian. Rør godt og lad saucen simre i 3 minutter. 4. Damp broccoli i 3 til 4 minutter, så den stadig har bid. 5. Skær kyllingen i skiver og server med saucen, broccoli og ris.;Sennepssaucen passer også godt til svinekotelet eller fisk. Brug Dijon-sennep for en mildere smag.
Aftensmad;Chili med linser og svinemørbrad;En proteinrig chili med svinemørbrad, røde linser og kidneybønner. Smager endnu bedre næste dag og fryser fantastisk.;Spis Bedre;Svinemørbrad, 100g røde linser, kidneybønner, tomat, chili, spidskommen, peberfrugt;36;11;470;35;1. Skær svinemørbraden i tern og brun den i olivenolie med salt og peber. Tag den op. 2. Sauter hakket løg, hvidløg og peberfrugt i tern i 3 minutter. 3. Tilsæt spidskommen, røget paprika og chili. Rør i 1 minut. 4. Hæld hakkede tomater og 2 dl vand i. Tilsæt skylrede røde linser og drænede kidneybønner. 5. Lad gryden simre i 20 minutter. Kom kødet tilbage de sidste 5 minutter. 6. Smag til med salt og server med en klat yoghurt.;Lav dobbelt portion og frys i portioner. Retten er endnu bedre næste dag, når smagen har sat sig.
Aftensmad;Rejepande med hvidløg og fuldkornspasta;En hurtig rejepande med hvidløg, cherrytomater og fuldkornspasta. Broccoli koger med pastaen for at spare tid og tilføje fiber.;Arla / Valdemarsro;Rejer, fuldkornspasta, hvidløg, cherrytomater, chili, persille, olivenolie, broccoli;30;8;470;20;1. Kog fuldkornspasta efter anvisning. Tilsæt broccolibuketter de sidste 3 minutter af kogetiden. Dræn. 2. Varm olivenolie i en pande og sauter snittet hvidløg og chili i 1 minut. Pas på hvidløget ikke brænder. 3. Tilsæt halverede cherrytomater og steg i 2 minutter. 4. Kom rejerne på panden og steg i 2 til 3 minutter, til de er gennemvarme. 5. Vend pasta og broccoli i panden. Smag til med salt og drys med frisk persille.;Brug tigerrejer for en mere festlig udgave. Et skvæt citronsaft til sidst løfter retten.
Aftensmad;Bagt kyllingelår med rodfrugter og timian;Kyllingelår med sprødt skind bagt på sæsonens rodfrugter med timian og grønkål. En simpel hverdagsret hvor ovnen gør arbejdet.;Valdemarsro;Kyllingelår, gulerødder, pastinakker, kartofler, timian, olivenolie, grønkål;36;8;500;50;1. Tænd ovnen på 190 grader varmluft. 2. Skær gulerødder, pastinakker og kartofler i grove tern. Vend dem med olivenolie, timian, salt og peber i et stort fad. 3. Krydr kyllingelårene med salt og peber og læg dem oven på grøntsagerne. 4. Bag i 40 til 45 minutter, til kyllingen er gennemstegt og skindet sprødt. 5. Tilsæt revet grønkål de sidste 5 minutter af bagetiden. 6. Server direkte fra fadet.;Brug forskellige rodfrugter efter sæson. Persillerod og jordskokker er også gode valg.
Aftensmad;Torskefilet med sprød persilletopping;Torsk med en sprød topping af persille, rasp og citron, serveret med hvide bønner og ovnbagte grøntsager. Let og mættende.;Valdemarsro / Arla;Torsk, persille, rasp, citron, smør, ovnbagte grøntsager, 100g hvide bønner;28;7;410;30;1. Tænd ovnen på 200 grader. 2. Bland finthakket persille, 3 spsk rasp, citronzest, en klat smeltet smør og salt i en skål. 3. Læg torskefileterne i et smurt ovnfast fad. Fordel persilletoppingen jævnt over fisken. 4. Bag i 15 til 18 minutter, til toppingen er gylden og fisken flager. 5. Varm hvide bønner i en gryde med lidt olivenolie og hvidløg. 6. Server fisken med bønnerne og ovnbagte grøntsager.;Byt rasp ud med knuste mandler for en glutenfri version med mere protein.
Aftensmad;Lun fiskesalat med rejer og dild;En lun salat med poacheret torsk, rejer og sæsonens grøntsager i en cremet dilddressing. Perfekt med rugbrød til.;Arla;Torsk, rejer, gulerødder, porre, creme fraiche, dild, citron, 1 skive rugbrød;30;7;400;30;1. Kog gulerødder og porre i tern i let saltet vand i 4 til 5 minutter. Dræn og lad dem køle lidt. 2. Pocher torsken i vand med citronskiver og salt i 6 til 8 minutter. Lad den køle og pil den i flager. 3. Bland creme fraiche med hakket dild, citronsaft, salt og peber til en dressing. 4. Vend grøntsagerne, torskeflager og rejer med dressingen. 5. Anret på tallerkener og server med rugbrød.;Brug rester af fisk fra aftensmaden. Tilsæt et par skeer kapers for ekstra smag.
Aftensmad;Mexibowl med oksekød og sorte bønner;En fyldig bowl med krydret oksekød, sorte bønner, avocado og frisk lime. Lav dobbelt portion og brug resterne til wraps og omeletter.;Valdemarsro;Hakket oksekød, 150g sorte bønner, majs, tomat, avocado, lime, spidskommen;34;11;500;25;1. Brun hakket oksekød i en pande. Tilsæt spidskommen, røget paprika og hvidløg. 2. Kom drænede sorte bønner og majs i og varm med i 3 minutter. 3. Skær tomater og avocado i tern. 4. Anret kødblanding i en skål. Top med tomat, avocado, et pres limesaft og eventuelt lidt frisk koriander. 5. Tilsæt en klat yoghurt hvis ønsket.;Lav dobbelt portion kødfyld. Det holder 3 dage på køl og kan bruges i wraps, på rugbrød eller som omeletfyld.
Aftensmad;Kyllingewok med grønne bønner og sesam;En hurtig wok med kylling, sprøde grønne bønner og ingefær i sojasauce. Klar på 20 minutter og perfekt til en travl hverdag.;Spis Bedre;Kyllingebryst, grønne bønner, peberfrugt, sojasauce, sesamolie, ingefær, fuldkornsris;32;7;420;20;1. Kog fuldkornsris efter anvisning. 2. Skær kyllingebrystet i tynde strimler. 3. Nip enderne af de grønne bønner og halver dem. Skær peberfrugt i strimler. 4. Varm sesamolie i en wok eller stor pande ved høj varme. Steg kyllingen i 3 til 4 minutter. 5. Tilsæt bønner, peberfrugt og revet ingefær. Steg i 3 minutter mere. 6. Tilsæt sojasauce og rør rundt. 7. Server over ris med ristede sesamfrø.;Brug frossen edamame i stedet for grønne bønner for mere protein. Tilsæt lidt sriracha for varme.
Aftensmad;Koteletter i fad med svampe og porrer;Brune svinekotelletter i en cremet svampe- og porresauce, bagt i ovnen. Serveret med kartofler og dampet broccoli.;Valdemarsro;Svinekotelet, champignon, porre, bouillon, fløde, rosmarin, kartofler, broccoli;30;7;500;40;1. Tænd ovnen på 180 grader varmluft. 2. Brun koteletterne i smør på en pande i 2 minutter på hver side. Læg dem i et ovnfast fad. 3. Steg skivede champignon og porre i den samme pande i 3 minutter. 4. Tilsæt bouillon, fløde og rosmarin. Lad saucen simre i 2 minutter. 5. Hæld saucen over koteletterne. Bag i 20 minutter. 6. Kog kartofler og damp broccoli som tilbehør.;Byt fløde ud med creme fraiche 18% for en lettere sauce. Tilsæt et drys røget paprika i saucen.
Aftensmad;Fiskefrikadeller med grøn salat og citron;Hjemmelavede fiskefrikadeller med dild, serveret med en frisk salat og kikærter. Lige gode varme og kolde til frokost næste dag.;Arla / Valdemarsro;Torskefars, æg, løg, fuldkornsmel, dild, bladsalat, citrondressing, 100g kikærter;28;8;410;30;1. Bland torskefars med 1 æg, finthakket løg, 2 spsk fuldkornsmel, hakket dild, salt og peber. 2. Form blandingen til frikadeller med fugtige hænder. 3. Steg dem i smør ved middel varme i 3 til 4 minutter på hver side, til de er gyldne og gennemstegte. 4. Lav en citrondressing af olivenolie, citronsaft, salt og peber. 5. Anret frikadellerne med bladsalat, drænede kikærter og citrondressing.;Bland lidt reven gulerod i farsen for ekstra saftighed. Rester er gode kolde til frokost næste dag.
Aftensmad;Kyllingebryst med ovnbagt blomkål og tahindressing;Saftig kylling med ovnbagte blomkålsbuketter og sprøde kikærter, toppet med cremet tahindressing. Mellemøstlig inspiration på hverdagsbordet.;I Form;Kyllingebryst, blomkål, 100g kikærter, tahini, citron, persille, hvidløg;34;9;440;35;1. Tænd ovnen på 200 grader. 2. Del blomkålen i buketter og vend dem med olivenolie, drænede kikærter, spidskommen, salt og peber. Bag i 20 minutter. 3. Steg kyllingebrystet i 6 til 7 minutter på hver side. Lad det hvile og skær i skiver. 4. Bland en tahindressing af 2 spsk tahini, citronsaft, 1 fed revet hvidløg og vand til den rette konsistens. 5. Anret blomkål og kikærter med kyllingeskiver. Dryp tahindressingen over og drys med persille.;Prøv med blomkålen skåret i tykke steaks i stedet for buketter for en flottere anretning.
Aftensmad;Marokkansk gryderet med kikærter og grøntsager;En duftende gryderet med kylling, kikærter og søde kartofler i en krydret sauce med kanel og spidskommen. Comfort food med et strejf af Nordafrika.;Valdemarsro;150g kikærter, søde kartofler, tomat, kanel, spidskommen, kyllingelår, koriander;32;11;470;45;1. Brun kyllingelårene i olivenolie i en gryde. Tag dem op. 2. Sauter hakket løg og hvidløg i 2 minutter. Tilsæt spidskommen, kanel og en smule chili. 3. Tilsæt søde kartofler i tern, hakkede tomater, drænede kikærter og 2 dl vand. 4. Læg kyllingelårene tilbage i gryden. 5. Lad det simre med låg i 30 minutter. 6. Smag til med salt og top med frisk koriander.;Server med couscous eller fuldkornsris. Tilsæt et par tørrede abrikoser for en sød kontrast.
Aftensmad;Lakseburgere med avocadocreme;Hjemmelavede burgere af frisk laks med cremet avocado, serveret i fuldkornsboller med edamame ved siden af. Festlig men hverdagsvenlig.;Mummum / Arla;Laksefars, avocado, lime, rødløg, fuldkornsbolle, salat, tomat, edamame;30;8;460;25;1. Hak laksefillet fint med en kniv og bland med finthakket rødløg, hakket dild, 1 æg, salt og peber. Form til 2 burgere. 2. Steg burgerne i olivenolie i 3 til 4 minutter på hver side. 3. Mos avocado med limesaft, salt og peber til en creme. 4. Kog edamame i 3 minutter. 5. Halver fuldkornsbollerne og rist dem let. 6. Saml burgerne med salat, tomatskive og avocadocreme. Server edamame ved siden af.;Byt laksen ud med torsk for en mildere smag. Burgerne kan formes på forhånd og opbevares i køleskabet.
Aftensmad;Oksegryde med rodfrugter og timian;En klassisk langtidsgryde med oksekød og rodfrugter i bouillon med timian. Smager endnu bedre næste dag og fryser perfekt.;Valdemarsro;Oksekød i tern, gulerødder, selleri, løg, bouillon, timian, kartofler, persillerod;34;8;500;60;1. Dup oksekødet tørt og brun det i olivenolie i en gryde ved høj varme. Tag det op. 2. Sauter hakket løg i 3 minutter. Tilsæt hvidløg og rør i 30 sekunder. 3. Kom kødet tilbage og hæld bouillon over, så det lige dækker. Tilsæt timian og lad det simre i 30 minutter. 4. Tilsæt gulerødder, selleri, persillerod og kartofler i grove tern. 5. Lad gryden simre i yderligere 20 minutter, til grøntsagerne er møre. 6. Smag til med salt og peber.;Gryden smager endnu bedre næste dag. Lav gerne en stor portion. Tilsæt en smule tomatpure for mere dybde i saucen.
Aftensmad;Varm salat med kylling og quinoa;En lun salat med kylling, quinoa og bagte peberfrugter. Spinaten falder sammen i den varme quinoa og giver en dejlig blød base.;I Form / Valdemarsro;Kyllingebryst, quinoa, bagte peberfrugter, spinat, feta, olivenolie;34;7;430;25;1. Kog quinoa efter anvisning. 2. Skær peberfrugter i brede strimler og bag dem i ovnen ved 200 grader i 15 minutter med olivenolie og salt. 3. Steg kyllingebrystet helt i 6 til 7 minutter på hver side. Lad det hvile og skær i skiver. 4. Vend lun quinoa med frisk spinat, så spinaten falder lidt sammen. 5. Anret med bagte peberfrugter, kylling og smuldret feta.;Tilsæt ristede pinjekerner for knas. Retten er også god kold til frokost.
Aftensmad;Ovnbagt rødspætte med kartofler og persillesauce;Klassisk dansk rødspætte med kogte kartofler og hjemmelavet persillesauce. En tryg hverdagsret der aldrig skuffer.;Arla;Rødspættefilet, kartofler, persille, smør, mælk, citron, broccoli, 1 skive rugbrød;28;7;440;35;1. Kog kartofler i saltet vand i 15 til 18 minutter. 2. Tænd ovnen på 200 grader. Læg rødspættefileterne i et smurt fad, krydr med salt, peber og citronsaft. Bag i 10 til 12 minutter. 3. Smelt smør i en kasserolle, rør mel i og tilsæt mælk lidt ad gangen under omrøring. Lad saucen simre i 3 minutter. Tilsæt finthakket persille. 4. Damp broccoli i 3 minutter. 5. Server fisken med kartofler, persillesauce, broccoli og rugbrød.;Persillesaucen kan også laves med dild. Brug skrubbe eller pighvar som alternativ til rødspætte.
Aftensmad;Gul karry med rejer og grøntsager;En hurtig karry med rejer, broccoli og peberfrugt i kokosmælk. Klar på 20 minutter og fuld af smag fra ingefær og karrypasta.;Spis Bedre / Valdemarsro;Rejer, kokosmælk, gul karrypasta, broccoli, peberfrugt, bambusskud, fuldkornsris;28;7;460;20;1. Kog fuldkornsris efter anvisning. 2. Varm olivenolie i en gryde og steg 1 til 2 spsk gul karrypasta i 1 minut. 3. Hæld kokosmælk i og rør godt. 4. Tilsæt broccolibuketter, peberfrugt i strimler og bambusskud. Lad det simre i 8 minutter. 5. Tilsæt rejerne de sidste 3 minutter. 6. Smag til med fiskesauce og limesaft. Server over ris.;Tilsæt sukkererter eller grønne bønner for mere grønt. Byt rejer ud med kylling for en kødvariant.
Aftensmad;Ørredfilet med lun linsesalat;Sprødstegt ørred på en bund af lune grønne linser med cherrytomater og persille i citronvinaigrette. Elegant men enkel.;Valdemarsro;Ørredfilet, 150g grønne linser, cherrytomater, rødløg, persille, citronvinaigrette;32;9;430;25;1. Kog grønne linser i 18 til 20 minutter. Dræn. 2. Krydr ørredfileten med salt og peber. Steg den med skindsiden ned i olivenolie i 4 minutter. Vend og steg 2 minutter mere. 3. Halver cherrytomaterne og snit rødløget fint. 4. Vend de lune linser med tomater, rødløg, hakket persille og en vinaigrette af olivenolie, citronsaft, salt og peber. 5. Anret linsesalaten med ørredfileten oven på.;Byt ørred ud med laks eller havbars. Tilsæt lidt kapers i linsesalaten for ekstra smag.
Aftensmad;Kalkunfrikadeller med grønkålssalat;Lette kalkunfrikadeller serveret med en masseret grønkålssalat med quinoa, granatæble og valnødder. Frisk og mættende.;I Form / Arla;Kalkunkød, løg, æg, grønkål, granatæble, valnødder, citrondressing, quinoa;30;8;410;30;1. Kog quinoa efter anvisning. 2. Bland kalkunkød med finthakket løg, 1 æg, salt, peber og en smule muskatnød. Form til frikadeller. 3. Steg frikadellerne i olivenolie i 4 til 5 minutter på hver side. 4. Fjern de tykke stilke fra grønkålen og snit bladene fint. Massér dem med en smule olivenolie og salt i 2 minutter, til de bliver møre. 5. Vend grønkålen med quinoa, granatæblekerner og knuste valnødder. 6. Dryp citrondressing over og server ved siden af frikadellerne.;Kalkun kan erstattes med kyllingekød. Granatæblekerner kan byttes med tørrede tranebær.
